model,features,accuracy,precision,recall,f1
Naive Bayes (TF-IDF),TF-IDF,0.961358574610245,0.9604678362573099,0.9584500466853408,0.9594578805935273
Logistic Regression (TF-IDF),TF-IDF,0.9917594654788419,0.9888527635856944,0.9939309056956116,0.9913853317811409
